<?xml version="1.0" encoding="UTF-8"?>
<Teams>
	<Team> 
		<Name>Lakers</Name>
		<City>Los Angeles</City> 
		<StarPlayer>Kobe Bryant</StarPlayer>
		<Stadium>Staples Center</Stadium>
    </Team>
    <Team> 
		<Name>Heats</Name>
		<City>Miami</City> 
		<StarPlayer>LeBron James</StarPlayer>
		<Stadium>American Airlines Arena</Stadium>
    </Team>
    <Team> 
		<Name>Knicks</Name>
		<City>New York</City> 
		<StarPlayer>Carmelo Anthony</StarPlayer>
		<Stadium>Madison Square Garden</Stadium>
    </Team>
	<Team> 
		<Name>Thunders</Name>
		<City>Oklahoma City</City> 
		<StarPlayer>Kevin Durant</StarPlayer>
		<Stadium>Chesapeake Energy Arena</Stadium>
    </Team>
    <Team> 
		<Name>Clippers</Name>
		<City>Los Angeles</City> 
		<StarPlayer>Chris Paul</StarPlayer>
		<Stadium>Staples Center</Stadium>
    </Team>
</Teams>