<?xml version="1.0" encoding="UTF-8"?>
<Teams>
	<Team> 
		<TeamName>Warriors</TeamName>
		<Location>Golden State</Location> 
		<StarPlayer>Stephen Curry</StarPlayer>
		<Stadium>Oracle Arena</Stadium>
    </Team>
    <Team> 
		<TeamName>Cavaliers</TeamName>
		<Location>Cleveland</Location> 
		<StarPlayer>LeBron James</StarPlayer>
		<Stadium>Quicken Loans Arena</Stadium>
    </Team>
    <Team> 
		<TeamName>Knicks</TeamName>
		<Location>New York</Location> 
		<StarPlayer>Tim Hardaway</StarPlayer>
		<Stadium>Madison Square Garden</Stadium>
    </Team>
	<Team> 
		<TeamName>Thunders</TeamName>
		<Location>Oklahoma City</Location> 
		<StarPlayer>Russell Westbrook</StarPlayer>
		<Stadium>Chesapeake Energy Arena</Stadium>
    </Team>
    <Team> 
		<TeamName>Clippers</TeamName>
		<Location>Los Angeles</Location> 
		<StarPlayer>Blake Griffin</StarPlayer>
		<Stadium>Staples Center</Stadium>
    </Team>
</Teams>